City_ID,City,Lat,Lng,Max Temp,Humidity,Cloudiness,Wind Speed,Country,Date
0,Nikolskoye,59.7035,30.7861,17.11,96,87,1.63,RU,1657396788
1,Kapaa,22.0752,-159.319,26.99,87,100,2.68,US,1657396788
2,Zhuhai,22.2769,113.5678,29.36,94,40,3.09,CN,1657396788
3,Busselton,-33.65,115.3333,13.33,59,92,8.04,AU,1657396788
4,Severo-Kuril'sk,50.6789,156.125,13.43,88,100,4.85,RU,1657396788
5,Taoudenni,22.6783,-3.9836,40.53,6,0,4.8,ML,1657396788
6,Albany,42.6001,-73.9662,27.65,39,0,2.35,US,1657396789
7,Rikitea,-23.1203,-134.9692,23.86,78,70,6.55,PF,1657396789
8,Butaritari,3.0707,172.7902,27.5,79,32,5.51,KI,1657396789
9,Yulara,-25.2406,130.9889,4.97,65,0,3.12,AU,1657396789
10,Basco,20.4487,121.9702,28.99,78,96,6.31,PH,1657396789
11,Barrow,71.2906,-156.7887,11.42,69,92,4.74,US,1657396789
12,Ribeira Grande,38.5167,-28.7,21.22,68,40,5.14,PT,1657396789
13,Kutum,14.2,24.6667,27.71,37,84,2.54,SD,1657396789
14,Isangel,-19.55,169.2667,24.13,83,11,4.38,VU,1657396789
15,Haines Junction,60.7522,-137.5108,17.97,48,100,2.06,CA,1657396789
16,Acoua,-12.7239,45.0582,21.95,62,3,3.9,YT,1657396789
17,Te Anau,-45.4167,167.7167,-0.72,91,42,1.45,NZ,1657396789
18,Batagay,67.6333,134.6333,9.0,81,100,1.89,RU,1657396789
19,Kattivākkam,13.2167,80.3167,29.05,79,100,5.89,IN,1657396790
20,Cairns,-16.9167,145.7667,19.97,83,100,4.63,AU,1657396504
21,Ushuaia,-54.8,-68.3,-2.19,93,100,9.26,AR,1657396787
22,Saint-Pierre,-21.3393,55.4781,20.51,68,0,8.75,RE,1657396585
23,Burgos,42.3394,-3.7079,24.23,38,0,4.12,ES,1657396544
24,Luganville,-15.5333,167.1667,25.52,84,40,3.66,VU,1657396790
25,Cape Town,-33.9258,18.4232,15.77,86,75,4.12,ZA,1657396487
26,Khatanga,71.9667,102.5,7.83,93,100,0.62,RU,1657396790
27,São Filipe,14.8961,-24.4956,23.53,84,43,3.23,CV,1657396790
28,Ponta do Sol,32.6667,-17.1,24.35,75,4,0.62,PT,1657396790
29,Saint Paul Harbor,57.79,-152.4072,10.64,92,100,5.78,US,1657396790
30,Marabu,4.4148,114.0089,23.08,88,20,2.06,MY,1657396790
31,Lebu,-37.6167,-73.65,9.35,83,100,2.18,CL,1657396790
32,Hudiksvall,61.729,17.1036,11.03,75,50,4.03,SE,1657396790
33,Cockburn Town,21.4612,-71.1419,29.98,66,40,7.72,TC,1657396790
34,Goderich,43.7501,-81.7165,19.18,63,4,7.2,CA,1657396791
35,East London,-33.0153,27.9116,20.21,31,0,4.01,ZA,1657396791
36,Departamento de Maldonado,-34.6667,-54.9167,19.57,84,16,5.52,UY,1657396791
37,Tilichiki,60.4667,166.1,14.76,82,20,2.48,RU,1657396791
38,San Patricio,28.017,-97.5169,38.05,32,14,5.79,US,1657396791
39,Ţahţā,26.7693,31.5021,31.71,22,38,4.45,EG,1657396791
40,Bredasdorp,-34.5322,20.0403,12.06,71,0,2.69,ZA,1657396791
41,Punta Arenas,-53.15,-70.9167,1.06,60,20,5.14,CL,1657396791
42,Lüderitz,-26.6481,15.1594,13.14,91,0,4.46,NA,1657396791
43,Airai,-8.9266,125.4092,13.33,94,83,1.7,TL,1657396791
44,Saint-Augustin,51.226,-58.6502,16.69,60,14,8.94,CA,1657396791
45,Jamestown,42.097,-79.2353,26.96,48,0,5.66,US,1657396792
46,Bluff,-46.6,168.3333,1.56,74,61,1.35,NZ,1657396792
47,Thompson,55.7435,-97.8558,22.09,68,75,3.09,CA,1657396792
48,Mahébourg,-20.4081,57.7,20.16,64,20,5.14,MU,1657396792
49,Hobart,-42.8794,147.3294,6.92,90,100,0.89,AU,1657396503
50,Hermanus,-34.4187,19.2345,14.89,80,0,3.7,ZA,1657396764
51,Torbay,47.6666,-52.7314,18.49,79,75,6.69,CA,1657396792
52,Mataura,-46.1927,168.8643,1.38,91,41,0.83,NZ,1657396792
53,Kupang,-10.1667,123.5833,24.17,82,24,6.69,ID,1657396792
54,Ko Samui,9.5357,99.9357,27.44,78,100,8.65,TH,1657396622
55,Norman Wells,65.282,-126.8329,25.02,47,75,5.14,CA,1657396792
56,Faanui,-16.4833,-151.75,25.9,73,79,8.24,PF,1657396792
57,Altay,47.8667,88.1167,13.08,75,3,1.78,CN,1657396792
58,Grand Gaube,-20.0064,57.6608,20.22,68,63,2.24,MU,1657396793
59,Hasaki,35.7333,140.8333,24.22,92,100,8.01,JP,1657396793
60,Saint-Philippe,-21.3585,55.7679,19.77,66,67,6.7,RE,1657396793
61,Daly City,37.7058,-122.4619,27.26,82,7,8.49,US,1657396793
62,Yibin,28.7667,104.6238,27.12,83,5,1.08,CN,1657396793
63,Arraial do Cabo,-22.9661,-42.0278,24.98,88,40,6.69,BR,1657396793
64,Beirut,33.8889,35.4944,26.88,83,40,4.12,LB,1657396546
65,Avarua,-21.2078,-159.775,24.03,60,99,5.66,CK,1657396793
66,Upernavik,72.7868,-56.1549,4.45,83,6,3.95,GL,1657396793
67,Grindavik,63.8424,-22.4338,13.97,94,100,8.75,IS,1657396793
68,Hithadhoo,-0.6,73.0833,27.93,76,6,2.4,MV,1657396793
69,Suntar,62.1444,117.6319,13.97,97,100,2.48,RU,1657396794
70,Iqaluit,63.7506,-68.5145,5.85,81,40,5.14,CA,1657396794
71,Atuona,-9.8,-139.0333,25.48,77,41,8.78,PF,1657396794
72,Lázaro Cárdenas,17.9583,-102.2,30.77,62,52,4.86,MX,1657396794
73,Maxixe,-23.8597,35.3472,18.9,82,20,2.06,MZ,1657396794
74,Qaanaaq,77.484,-69.3632,6.49,75,69,0.55,GL,1657396794
75,Gizo Government Station,-8.103,156.8419,26.78,72,54,2.61,SB,1657396794
76,The Valley,18.217,-63.0578,30.92,70,20,8.23,AI,1657396795
77,Ceres,37.5949,-120.9577,34.89,21,0,3.93,US,1657396795
78,Mnogovershinnyy,53.9353,139.9242,20.7,82,16,1.25,RU,1657396795
79,Vaini,-21.2,-175.2,23.09,83,40,4.12,TO,1657396586
80,Broome,42.2506,-75.833,27.05,41,7,4.02,US,1657396795
81,Riyadh,24.6877,46.7219,35.08,11,100,4.0,SA,1657396561
82,Tortolì,39.9256,9.6572,24.1,47,0,2.28,IT,1657396795
83,Colares,38.7992,-9.4469,31.82,25,0,11.32,PT,1657396795
84,Dovolnoye,54.4958,79.6671,18.4,75,100,2.67,RU,1657396795
85,Codrington,-38.2667,141.9667,5.46,95,2,4.32,AU,1657396795
86,Kampong Thom,12.7111,104.8887,23.71,98,100,1.92,KH,1657396795
87,Pemba,-12.974,40.5178,22.39,88,75,3.6,MZ,1657396795
88,Miles City,46.4083,-105.8406,33.28,31,33,2.77,US,1657396795
89,Puławy,51.4166,21.9694,17.51,74,100,2.55,PL,1657396795
90,Nome,64.5011,-165.4064,21.2,61,0,3.85,US,1657396796
91,Chokurdakh,70.6333,147.9167,10.22,49,51,2.42,RU,1657396796
92,Pevek,69.7008,170.3133,0.22,97,100,5.9,RU,1657396796
93,Souillac,-20.5167,57.5167,20.21,64,20,5.14,MU,1657396796
94,Yellowknife,62.456,-114.3525,20.31,68,75,4.12,CA,1657396796
95,Longhua,23.6137,114.1919,25.39,95,88,0.24,CN,1657396796
96,Kruisfontein,-34.0033,24.7314,21.6,59,0,8.31,ZA,1657396796
97,Hamilton,39.1834,-84.5333,28.62,81,100,0.89,US,1657396796
98,Mar del Plata,-38.0023,-57.5575,14.01,92,75,4.12,AR,1657396624
99,Smoky Lake,54.1169,-112.4686,21.4,49,14,3.6,CA,1657396796
100,Hilo,19.7297,-155.09,28.47,87,76,0.45,US,1657396796
101,Ol'ga,43.7444,135.2892,15.97,92,100,1.84,RU,1657396796
102,Trairi,-3.2778,-39.2689,26.38,74,99,5.23,BR,1657396641
103,Bambous Virieux,-20.3428,57.7575,20.14,64,20,5.14,MU,1657396797
104,Xi'an,34.2583,108.9286,29.45,45,91,1.63,CN,1657396797
105,Tiznit Province,29.5833,-9.5,34.69,16,16,0.69,MA,1657396797
106,Witzenhausen,51.3333,9.8667,18.97,72,100,3.34,DE,1657396797
107,Tūkrah,32.5341,20.5791,26.21,68,10,7.53,LY,1657396797
108,Genhe,50.7833,121.5167,10.84,99,99,1.61,CN,1657396797
109,Ancud,-41.8697,-73.8203,7.9,84,100,6.26,CL,1657396797
110,Aklavik,68.2191,-135.0107,14.0,94,100,5.14,CA,1657396797
111,Alofi,-19.0595,-169.9187,23.94,83,97,6.69,NU,1657396797
112,Vila do Maio,15.1333,-23.2167,25.44,80,48,3.31,CV,1657396797
113,Pisco,-13.7,-76.2167,18.34,77,15,4.12,PE,1657396797
114,Belaya Gora,68.5333,146.4167,9.55,73,4,3.5,RU,1657396798
115,Ugoofaaru,5.6667,73.0,27.89,76,100,8.05,MV,1657396798
116,Yazd,31.8972,54.3675,34.06,11,20,3.09,IR,1657396510
117,Castro,-24.7911,-50.0119,18.82,63,12,1.44,BR,1657396798
118,Alice Springs,-23.7,133.8833,-1.25,93,0,0.0,AU,1657396798
119,Buala,-8.145,159.5921,25.95,80,32,2.16,SB,1657396798
120,Pułtusk,52.7025,21.0828,17.27,82,64,3.32,PL,1657396729
121,Longyearbyen,78.2186,15.6401,7.22,67,76,3.91,SJ,1657396798
122,Roald,62.5833,6.1333,12.87,93,75,6.69,NO,1657396798
123,Mandalgovi,45.7625,106.2708,16.24,56,100,2.77,MN,1657396798
124,Carnarvon,-24.8667,113.6333,19.04,100,75,3.6,AU,1657396798
125,Teya,60.3778,92.6267,16.04,75,96,1.5,RU,1657396798
126,Marsá Maţrūḩ,31.3525,27.2453,26.11,83,40,4.12,EG,1657396557
127,Kavieng,-2.5744,150.7967,27.29,72,72,6.65,PG,1657396749
128,Yar-Sale,66.8333,70.8333,12.82,73,0,3.01,RU,1657396799
129,Port-Gentil,-0.7193,8.7815,22.98,88,75,4.63,GA,1657396799
130,Hofn,64.2539,-15.2082,10.76,89,100,1.2,IS,1657396799
131,Nizwá,22.9333,57.5333,27.33,80,100,1.72,OM,1657396799
132,New Norfolk,-42.7826,147.0587,6.72,87,15,1.14,AU,1657396799
133,Kismayo,-0.3582,42.5454,24.34,80,1,8.51,SO,1657396799
134,Saint George,37.1041,-113.5841,41.46,10,3,2.24,US,1657396799
135,Taree,-31.9,152.4667,5.06,85,1,2.34,AU,1657396799
136,Sturgis,41.7992,-85.4192,26.15,47,0,3.09,US,1657396799
137,Pangnirtung,66.1451,-65.7125,8.0,87,75,9.77,CA,1657396800
138,Mount Gambier,-37.8333,140.7667,0.95,100,100,2.57,AU,1657396800
139,Kamaishi,39.2667,141.8833,20.33,92,77,1.96,JP,1657396800
140,Acapulco de Juárez,16.8634,-99.8901,30.74,70,22,4.93,MX,1657396800
141,Kitimat,54.0524,-128.6534,16.21,24,100,1.3,CA,1657396800
142,San Vicente,-26.6167,-54.1333,23.2,53,17,2.47,AR,1657396801
143,Road Town,18.4167,-64.6167,27.71,80,81,8.57,VG,1657396804
144,Makkah al Mukarramah,21.4267,39.8261,32.51,19,86,1.65,SA,1657396517
145,Puerto Ayora,-0.7393,-90.3518,23.08,86,82,4.02,EC,1657396807
146,Manggar,-2.8833,108.2667,26.8,77,66,4.73,ID,1657396808
147,Praia da Vitória,38.7333,-27.0667,20.98,76,94,5.12,PT,1657396810
148,Kargil,34.5667,76.1,15.9,56,17,1.98,IN,1657396813
149,Pīpri,19.8,75.5333,22.63,90,100,8.29,IN,1657396814
150,Santa Maria,-29.6842,-53.8069,23.61,64,0,3.6,BR,1657396754
151,Tasiilaq,65.6145,-37.6368,8.09,80,99,0.78,GL,1657396816
152,Port Elizabeth,-33.918,25.5701,22.4,35,75,3.6,ZA,1657396518
153,Coyhaique,-45.5752,-72.0662,2.34,100,100,0.89,CL,1657396817
154,Zapolyarnyy,69.4154,30.8136,13.6,85,98,3.19,RU,1657396818
155,Dabat,12.9842,37.765,11.9,90,100,1.11,ET,1657396818
156,Fortuna,40.5982,-124.1573,22.18,70,20,1.79,US,1657396819
157,Nuuk,64.1835,-51.7216,3.82,93,100,3.58,GL,1657396808
158,Mogadishu,2.0371,45.3438,24.2,81,27,8.82,SO,1657396820
159,Lagoa,39.05,-27.9833,19.32,79,96,5.05,PT,1657396822
160,Lompoc,34.6391,-120.4579,31.5,71,5,6.71,US,1657396822
161,Rocha,-34.4833,-54.3333,18.36,88,53,5.49,UY,1657396822
162,Cidreira,-30.1811,-50.2056,17.56,87,47,4.45,BR,1657396823
163,Dayong,25.0209,118.2898,24.95,94,77,0.91,CN,1657396823
164,Sovetskiy,61.3614,63.5842,19.44,71,41,1.23,RU,1657396823
165,Kaitangata,-46.2817,169.8464,1.36,86,56,1.88,NZ,1657396823
166,Jolalpan,18.325,-98.8417,35.3,29,10,1.74,MX,1657396824
167,Ca Mau,9.1769,105.15,24.63,90,100,3.58,VN,1657396824
168,Wanning,18.8003,110.3967,26.55,89,98,1.36,CN,1657396824
169,Chazuta,-6.5742,-76.1367,27.32,87,95,0.8,PE,1657396824
170,Yangi Marg`ilon,40.4272,71.7189,24.17,36,100,1.78,UZ,1657396824
171,Nouakchott,18.0858,-15.9785,23.96,85,84,6.36,MR,1657396712
172,Karratha,-20.7377,116.8463,16.6,34,1,2.41,AU,1657396824
173,Taksimo,56.3444,114.8794,14.28,85,100,1.69,RU,1657396826
174,Hvide Sande,56.0045,8.1294,13.38,73,100,13.91,DK,1657396826
175,Ngunguru,-35.6167,174.5,14.39,90,34,2.69,NZ,1657396826
176,Tuktoyaktuk,69.4541,-133.0374,10.0,93,100,3.6,CA,1657396827
177,Anloga,5.7947,0.8973,25.57,84,100,5.37,GH,1657396827
178,Waingapu,-9.6567,120.2641,23.87,85,97,5.05,ID,1657396827
179,Kamenka,51.3223,42.7678,20.02,65,74,4.61,RU,1657396828
180,Laela,-8.5667,32.05,11.83,75,24,1.43,TZ,1657396828
181,Meadow Lake,34.8014,-106.5436,35.3,24,47,1.21,US,1657396828
182,Guerrero Negro,27.9769,-114.0611,25.5,57,14,7.87,MX,1657396828
183,Muriwai Beach,-36.8167,174.45,13.2,94,7,2.21,NZ,1657396828
184,Agadir,30.4202,-9.5982,31.25,31,82,4.2,MA,1657396562
185,Carutapera,-1.195,-46.02,25.46,91,16,3.31,BR,1657396828
186,George Town,5.4112,100.3354,28.96,83,20,0.0,MY,1657396692
187,Havøysund,70.9963,24.6622,12.13,84,41,3.13,NO,1657396829
188,Ambovombe,-25.1667,46.0833,16.65,69,0,2.83,MG,1657396829
189,Westport,41.1415,-73.3579,30.97,51,1,2.68,US,1657396829
190,Klaksvík,62.2266,-6.589,10.51,98,100,5.52,FO,1657396829
191,Mount Isa,-20.7333,139.5,9.87,53,0,3.09,AU,1657396829
192,Stans,46.9585,8.366,19.95,64,27,2.57,CH,1657396797
193,Eenhana,-17.4667,16.3333,15.36,37,2,1.84,NA,1657396829
194,Naze,28.3667,129.4833,25.78,91,7,4.04,JP,1657396829
195,Kidodi,-7.6036,37.0044,17.82,66,3,0.73,TZ,1657396829
196,Bereda,43.2686,-7.5406,21.75,95,0,2.0,ES,1657396829
197,South Lake Tahoe,38.9332,-119.9844,29.03,26,0,1.79,US,1657396829
198,Santa Isabel Rio Negro,-0.4139,-65.0192,26.53,81,100,1.44,BR,1657396829
199,Kilindoni,-7.9139,39.6668,24.77,72,0,8.33,TZ,1657396830
200,Chara,56.9064,118.2631,12.2,89,100,0.53,RU,1657396830
201,Tarabuco,-19.1667,-64.9167,17.24,29,36,3.85,BO,1657396830
202,Saldanha,-33.0117,17.9442,13.34,93,3,7.41,ZA,1657396830
203,Singaraja,-8.112,115.0882,24.68,80,84,1.58,ID,1657396830
204,Baharly,38.4362,57.4316,27.62,19,0,1.15,TM,1657396830
205,Dikson,73.5069,80.5464,0.55,91,100,3.06,RU,1657396830
206,Sørland,67.667,12.6934,12.92,81,100,3.03,NO,1657396830
207,Hong Kong,22.2855,114.1577,29.62,86,8,5.36,HK,1657396830
208,Vieste,41.8825,16.175,24.01,62,1,8.83,IT,1657396831
209,Praia,14.9215,-23.5087,25.3,73,75,5.14,CV,1657396727
210,Auki,-8.7676,160.7034,24.4,86,28,1.44,SB,1657396832
211,Caxito,-8.5785,13.6643,19.32,94,26,1.61,AO,1657396832
212,Antofagasta,-23.65,-70.4,15.6,78,100,2.83,CL,1657396651
213,Tautira,-17.7333,-149.15,24.83,72,79,7.56,PF,1657396832
214,Bethel,41.3712,-73.414,29.79,42,0,0.45,US,1657396832
215,Chui,-33.6971,-53.4616,16.13,92,83,5.31,UY,1657396832
216,Nānākuli,21.3906,-158.1547,27.28,78,100,1.54,US,1657396833
217,Tommerup,55.3195,10.2066,13.69,73,100,7.59,DK,1657396833
218,Boa Vista,2.8197,-60.6733,28.99,65,75,4.12,BR,1657396833
219,São João da Barra,-21.6403,-41.0511,22.57,80,2,6.1,BR,1657396833
220,Vila Velha,-20.3297,-40.2925,21.08,90,63,4.56,BR,1657396822
221,Muborak,39.2553,65.1528,26.28,21,0,5.63,UZ,1657396833
222,Cherskiy,68.75,161.3,2.81,85,100,6.48,RU,1657396833
223,Pemberton,50.3164,-122.8027,22.05,50,100,1.79,CA,1657396833
224,Būlaevo,54.9056,70.4439,17.49,83,84,3.29,KZ,1657396834
225,Lashio,22.9333,97.75,20.1,99,88,0.07,MM,1657396834
226,Lupiro,-8.3833,36.6667,18.23,66,6,1.88,TZ,1657396834
227,Mehamn,71.0357,27.8492,12.97,76,100,1.03,NO,1657396834
228,Vila Franca do Campo,37.7167,-25.4333,21.22,76,16,4.08,PT,1657396834
229,Fortuna Foothills,32.6578,-114.4119,41.5,9,32,1.79,US,1657396834
230,Macaé,-22.3708,-41.7869,23.86,88,40,5.14,BR,1657396771
231,Talnakh,69.4865,88.3972,8.64,95,100,8.08,RU,1657396835
232,Prince Rupert,54.3161,-130.3201,14.16,92,100,2.46,CA,1657396835
233,Tiksi,71.6872,128.8694,10.9,59,99,4.05,RU,1657396704
234,Paamiut,61.994,-49.6678,4.27,93,100,4.55,GL,1657396835
235,Asifābād,19.3667,79.2833,24.1,95,100,3.95,IN,1657396835
236,Kiryat Gat,31.61,34.7642,25.78,73,0,1.04,IL,1657396835
237,Lincoln,40.8,-96.667,31.82,60,0,1.79,US,1657396795
238,Phuthaditjhaba,-28.5242,28.8158,7.79,45,0,2.84,ZA,1657396836
239,Mackay,-21.15,149.2,8.71,67,0,4.52,AU,1657396836
240,Kumul,42.8,93.45,28.79,14,100,7.35,CN,1657396836
241,Port Alfred,-33.5906,26.891,20.61,34,0,5.71,ZA,1657396837
242,Waddān,29.1614,16.139,28.66,40,0,9.47,LY,1657396837
243,Wellington,-41.2866,174.7756,8.81,82,75,10.29,NZ,1657396837
244,Fare,-16.7,-151.0167,25.35,75,44,7.6,PF,1657396837
245,Eureka,40.8021,-124.1637,26.48,72,27,3.58,US,1657396837
246,Anadyr,64.75,177.4833,8.11,99,100,7.37,RU,1657396818
247,Hobyo,5.3505,48.5268,24.51,78,100,12.33,SO,1657396837
248,Sisimiut,66.9395,-53.6735,6.57,82,100,4.7,GL,1657396838
249,Jacareacanga,-6.2222,-57.7528,31.2,51,91,1.82,BR,1657396838
250,Sembakung,3.8167,117.25,23.6,94,100,0.61,ID,1657396838
251,Port Shepstone,-30.7414,30.455,18.21,80,0,3.24,ZA,1657396838
252,General Escobedo,25.8167,-100.3333,36.15,45,80,4.35,MX,1657396838
253,Cap Malheureux,-19.9842,57.6142,19.7,68,51,2.24,MU,1657396814
254,Saint-Paul,-21.0096,55.2707,20.76,71,89,0.63,RE,1657396642
255,Carahue,-38.7,-73.1667,7.29,94,100,1.44,CL,1657396838
256,Uvalde,29.3669,-99.767,38.51,34,0,3.6,US,1657396839
257,Buraidah,26.326,43.975,32.56,10,98,4.46,SA,1657396839
258,Laas,46.6166,10.7002,15.84,71,94,2.71,IT,1657396839
259,Murud,18.3258,72.965,26.51,87,100,7.11,IN,1657396839
260,Palana,59.1167,159.9667,10.35,98,100,3.26,RU,1657396840
261,Provideniya,64.3833,-173.3,9.34,92,100,3.65,RU,1657396840
262,Wajid,3.8093,43.2471,23.98,59,77,9.74,SO,1657396840
263,Santa Rosalía,27.3167,-112.2833,31.59,50,69,2.92,MX,1657396840
264,Cururupu,-1.8283,-44.8683,26.38,81,55,1.64,BR,1657396840
265,Panabá,21.2833,-88.2667,29.3,70,100,3.73,MX,1657396840
266,Petropavlovsk-Kamchatskiy,53.0452,158.6483,22.33,83,0,3.0,RU,1657396561
267,Valença,-13.3703,-39.0731,22.41,83,78,3.21,BR,1657396840
268,Presidencia Roque Sáenz Peña,-26.7852,-60.4388,32.46,25,28,5.57,AR,1657396841
269,Leningradskiy,69.3833,178.4167,3.94,93,100,4.13,RU,1657396841
270,Faya,18.3851,42.4509,20.5,43,100,3.48,SA,1657396842
271,Denpasar,-8.65,115.2167,25.81,88,40,5.14,ID,1657396842
272,Shirokiy,49.758,129.523,16.07,93,95,3.0,RU,1657396842
273,Clyde River,70.4692,-68.5914,8.72,64,36,1.13,CA,1657396843
274,Ubari,26.5921,12.7805,34.55,14,2,4.12,LY,1657396843
275,Esperance,-33.8667,121.9,14.84,80,100,10.15,AU,1657396843
276,Tyazhinskiy,56.116,88.524,14.93,84,24,0.91,RU,1657396843
277,Morgan City,29.6994,-91.2068,34.44,71,100,3.0,US,1657396843
278,Eyl,7.9803,49.8164,25.26,69,26,11.61,SO,1657396844
279,Chifeng,42.2683,118.9636,21.56,47,82,1.72,CN,1657396844
280,Krivosheino,57.3431,83.9261,16.95,80,15,1.73,RU,1657396845
281,Cabo San Lucas,22.8909,-109.9124,35.9,63,91,2.31,MX,1657396845
282,Bonfim,3.0833,-59.95,29.36,69,74,2.89,BR,1657396845
283,Camapuã,-19.5314,-54.0439,32.36,23,0,2.5,BR,1657396845
284,Kenora,49.8167,-94.4337,25.99,50,32,5.81,CA,1657396845
285,Palmer,42.1584,-72.3287,29.02,31,0,0.89,US,1657396845
286,Pālang,23.2167,90.35,27.07,87,20,3.89,BD,1657396846
287,Petropavlovka,50.6114,105.3196,11.99,72,52,1.65,RU,1657396846
288,Ola,59.5833,151.2833,14.07,93,76,0.66,RU,1657396601
289,San Cristobal,7.7669,-72.225,27.45,53,33,2.9,VE,1657396846
290,Hidrolândia,-4.4081,-40.4378,30.2,40,100,2.52,BR,1657396846
291,Comodoro Rivadavia,-45.8667,-67.5,10.92,62,0,1.54,AR,1657396743
292,Kalamare,-22.9337,26.5703,12.13,54,0,4.04,BW,1657396847
293,Nampula,-15.1165,39.2666,15.48,89,0,0.9,MZ,1657396847
294,Fes,34.0372,-4.9998,35.14,21,0,3.6,MA,1657396776
295,Vestmanna,62.1564,-7.1664,9.51,100,100,4.63,FO,1657396847
296,Boyolangu,-8.1181,111.8935,22.4,90,56,1.41,ID,1657396847
297,Nantucket,41.2835,-70.0995,22.83,83,0,7.33,US,1657396847
298,Baní,18.2833,-70.3333,29.92,61,66,5.58,DO,1657396847
299,Mumbai,19.0144,72.8479,27.99,89,100,6.69,IN,1657396821
300,Henties Bay,-22.116,14.2845,13.63,90,0,3.7,NA,1657396847
301,Phalaborwa,-23.943,31.1411,18.97,49,59,1.62,ZA,1657396848
302,Blackwater,-23.5833,148.8833,7.38,66,0,3.76,AU,1657396848
303,La Ronge,55.1001,-105.2842,18.12,82,75,5.66,CA,1657396848
304,Tombouctou,20.0,-3.0,38.29,7,100,3.77,ML,1657396849
305,Russell,32.3502,-85.1999,33.16,52,94,2.36,US,1657396849
306,Mayor Pablo Lagerenza,-19.9309,-60.7718,36.53,14,1,6.85,PY,1657396849
307,Nanortalik,60.1432,-45.2371,7.01,89,34,2.94,GL,1657396849
308,Ilulissat,69.2167,-51.1,10.01,62,20,2.06,GL,1657396849
309,Bengkulu,-3.8004,102.2655,23.52,88,7,1.83,ID,1657396849
310,Progreso,21.2833,-89.6667,35.06,77,97,4.95,MX,1657396850
311,Laguna,38.421,-121.4238,31.86,43,0,4.63,US,1657396850
312,Kloulklubed,7.0419,134.2556,27.79,78,99,6.48,PW,1657396850
313,Butembo,0.15,29.2833,15.95,73,60,1.37,CD,1657396850
314,Chernyshevskiy,63.0128,112.4714,9.61,58,81,1.56,RU,1657396850
315,Chapais,49.7834,-74.8492,19.77,28,6,3.8,CA,1657396851
316,Chunoyar,57.4467,97.3217,13.46,75,91,1.01,RU,1657396851
317,Finnsnes,69.2296,17.9811,13.75,83,39,1.7,NO,1657396851
318,Chunskiy,56.0815,99.6342,10.85,92,17,0.44,RU,1657396851
319,Kidal,18.4411,1.4078,36.41,10,1,2.74,ML,1657396851
320,Poyarkovo,49.6,128.6833,15.8,88,25,3.47,RU,1657396851
321,Ahipara,-35.1667,173.1667,14.1,93,48,1.9,NZ,1657396852
322,Wajima,37.4,136.9,23.77,89,87,1.0,JP,1657396852
323,Seymchan,62.8833,152.4333,12.97,70,6,1.33,RU,1657396852
324,Tuy Hoa,13.0833,109.3,24.78,87,100,4.22,VN,1657396852
325,Vardø,70.3705,31.1107,8.99,93,100,3.09,NO,1657396853
326,Udomlya,57.8794,34.9925,13.97,82,66,1.91,RU,1657396853
327,Maryborough,-25.5333,152.7,7.37,74,36,2.3,AU,1657396853
328,Namtsy,62.7161,129.6658,14.4,76,100,2.52,RU,1657396853
329,Katsuura,35.1333,140.3,23.91,92,100,6.64,JP,1657396853
330,Corner Brook,48.9667,-57.9484,16.62,52,5,6.29,CA,1657396853
331,Payo,-3.7508,103.6372,21.41,98,27,1.02,ID,1657396854
332,Kuandian,40.7286,124.7847,20.45,91,100,0.74,CN,1657396854
333,Cortez,37.3489,-108.5859,33.3,23,24,5.38,US,1657396854
334,Healdsburg,38.6105,-122.8692,33.84,50,0,2.57,US,1657396854
335,Nicoya,10.1483,-85.452,29.29,74,99,0.99,CR,1657396854
336,Mandurah,-32.55,115.7,15.51,61,73,11.28,AU,1657396855
337,Bonthe,7.5264,-12.505,24.32,92,100,4.43,SL,1657396855
338,Leh,34.1667,77.5833,16.49,58,100,2.11,IN,1657396855
339,Stanley,-51.7,-57.85,4.16,81,100,5.67,FK,1657396855
340,Abu Kamal,34.4506,40.9171,33.35,20,0,3.9,SY,1657396855
341,Derzhavīnsk,51.1,66.3167,18.85,66,42,3.74,KZ,1657396855
342,Mitú,1.1983,-70.1733,25.68,92,53,1.3,CO,1657396855
343,Tabou,4.423,-7.3528,24.59,78,99,4.38,CI,1657396855
344,Iquique,-20.2208,-70.1431,17.02,74,89,3.05,CL,1657396635
345,Puerto del Rosario,28.5004,-13.8627,29.86,51,20,6.69,ES,1657396855
346,Khandyga,62.6667,135.6,15.17,70,99,2.27,RU,1657396855
347,Kharp,66.8014,65.8081,13.15,74,9,2.36,RU,1657396856
348,Xiaoyi,34.6178,109.703,29.63,57,30,2.65,CN,1657396856
349,Lavrentiya,65.5833,-171.0,10.36,79,100,4.2,RU,1657396857
350,Panlaitan,12.1191,119.8486,27.12,85,100,7.3,PH,1657396857
351,Marawi,7.9986,124.2928,20.5,94,100,2.91,PH,1657396857
352,Gobabis,-22.45,18.9667,13.12,30,0,5.31,NA,1657396857
353,Abu Dhabi,24.4667,54.3667,34.06,68,0,2.57,AE,1657396623
354,Port Hedland,-20.3167,118.5667,10.03,62,3,3.6,AU,1657396857
355,Muş Province,39.0,41.75,20.08,38,3,1.06,TR,1657396647
356,Moindou,-21.6924,165.677,23.25,85,14,3.45,NC,1657396857
357,Chala,-7.5833,31.2667,12.21,56,0,1.3,TZ,1657396857
358,Bilibino,68.0546,166.4372,4.44,93,100,2.37,RU,1657396858
359,Viedma,-40.8135,-62.9967,14.36,39,64,3.91,AR,1657396858
360,Oltu,40.5498,42.0013,17.59,84,11,0.97,TR,1657396858
361,San Quintín,30.4833,-115.95,23.99,63,15,7.84,MX,1657396858
362,Alberton,46.8168,-64.0654,17.02,58,9,5.96,CA,1657396858
363,Muros,42.7762,-9.0603,26.2,58,0,0.63,ES,1657396859
364,Srednekolymsk,67.45,153.6833,10.29,59,9,2.18,RU,1657396859
365,Lorengau,-2.0226,147.2712,27.32,79,92,4.46,PG,1657396859
366,Donetsk,48.0,37.8,27.3,27,85,3.5,UA,1657396859
367,Santa Ana,33.7456,-117.8678,37.7,56,20,4.63,US,1657396859
368,Sangīn,32.0728,64.8359,33.88,18,2,2.82,AF,1657396859
369,Princeton,25.5384,-80.4089,33.89,64,44,3.13,US,1657396859
370,Novy Urengoy,66.0833,76.6333,12.03,78,0,3.27,RU,1657396859
371,Nyurba,63.2842,118.3319,12.73,69,100,2.08,RU,1657396860
372,Tessalit,20.1986,1.0114,35.77,8,100,1.17,ML,1657396860
373,Nsanje,-16.92,35.262,17.32,85,0,1.68,MW,1657396860
374,Olafsvik,64.8945,-23.7142,11.02,97,100,5.83,IS,1657396860
375,Varhaug,58.6147,5.6457,11.93,76,90,11.2,NO,1657396860
376,Arrondissement de Lisieux,49.1667,0.1667,20.2,61,0,3.88,FR,1657396860
377,Cairo,30.0626,31.2497,31.42,40,0,3.09,EG,1657396172
378,Chicama,-7.8447,-79.1469,21.56,63,75,4.42,PE,1657396860
379,Pochutla,15.7432,-96.4661,33.79,57,12,3.66,MX,1657396860
380,Neiafu,-18.65,-173.9833,25.56,74,44,9.81,TO,1657396861
381,Petrolia,42.8668,-82.1498,22.96,48,91,6.27,CA,1657396861
382,Ambilobe,-13.2,49.05,18.98,65,0,2.39,MG,1657396861
383,Flin Flon,54.7682,-101.865,24.61,64,86,2.84,CA,1657396861
384,Manzanillo,20.3433,-77.1167,30.94,60,100,2.12,CU,1657396861
385,Martapura,-3.4167,114.85,24.05,100,100,1.54,ID,1657396861
386,Enshi,30.3,109.4833,24.21,93,7,0.68,CN,1657396861
387,Deputatsky,69.3,139.9,6.67,77,0,2.02,RU,1657396861
388,Shimoda,34.6667,138.95,22.28,91,100,2.03,JP,1657396862
389,Sharjah city,25.3573,55.4033,34.16,62,0,2.57,AE,1657396617
390,Bubaque,11.2833,-15.8333,27.07,83,67,5.3,GW,1657396862
391,Lake Havasu City,34.4839,-114.3224,43.03,8,0,3.6,US,1657396862
392,Santana do Mundaú,-9.1681,-36.2222,21.42,96,91,4.72,BR,1657396863
393,Sabang,5.8933,95.3214,28.29,78,100,9.78,ID,1657396864
394,Guaranda,-1.6,-79.0,14.62,78,100,1.09,EC,1657396864
395,Portland,45.5234,-122.6762,26.99,53,62,1.79,US,1657396864
396,Atar,20.5169,-13.0499,38.32,20,1,3.92,MR,1657396865
397,Caravelas,-17.7125,-39.2481,22.85,72,0,2.35,BR,1657396865
398,Husavik,66.0449,-17.3389,12.82,76,100,2.12,IS,1657396865
399,Ariquemes,-9.9133,-63.0408,35.41,29,56,1.4,BR,1657396865
400,Poum,-20.2333,164.0167,25.02,86,88,7.89,NC,1657396866
401,Bocas del Toro,9.3333,-82.25,28.23,76,97,6.45,PA,1657396866
402,Yanam,16.7333,82.2167,24.44,88,100,5.65,IN,1657396866
403,Pervomayskoye,43.919,46.7102,23.18,51,5,6.98,RU,1657396866
404,Dhidhdhoo,6.8833,73.1,27.52,81,100,7.64,MV,1657396866
405,La Orilla,17.9833,-102.2333,30.67,62,55,4.89,MX,1657396866
406,Mangai,-4.05,19.5333,23.64,34,8,1.02,CD,1657396866
407,Marsh Harbour,26.5412,-77.0636,29.1,70,9,3.94,BS,1657396866
408,Vao,-22.6667,167.4833,24.24,80,13,4.85,NC,1657396867
409,La Rioja,42.25,-2.5,24.88,52,0,1.14,ES,1657396867
410,Poso,-1.3959,120.7524,23.75,95,100,1.47,ID,1657396867
411,Ixtapa,20.7,-105.2,32.35,65,12,2.24,MX,1657396867
412,Araci,-11.3333,-38.9667,24.89,60,39,6.14,BR,1657396867
413,Kayerkan,69.3497,87.7602,7.03,97,100,7.93,RU,1657396867
414,Kuchinarai,16.541,104.05,23.71,95,100,1.27,TH,1657396867
415,Natal,-5.795,-35.2094,29.12,70,40,7.72,BR,1657396134
416,Pedro II,-4.4247,-41.4586,26.75,40,100,1.99,BR,1657396867
417,Matara,5.9485,80.5353,26.63,81,97,6.54,LK,1657396867
418,Gouré,13.9835,10.2704,28.9,48,100,4.99,NE,1657396868
419,Kushmurun,52.4503,64.6311,19.7,64,43,2.83,KZ,1657396868
420,Ponta Delgada,37.7333,-25.6667,21.39,77,75,4.63,PT,1657396692
421,Tuatapere,-46.1333,167.6833,1.14,85,30,1.54,NZ,1657396868
422,Los Llanos de Aridane,28.6585,-17.9182,19.86,88,0,8.23,ES,1657396868
423,Jiuquan,39.7432,98.5174,22.78,21,0,1.56,CN,1657396869
424,Rumoi,43.9344,141.6428,19.77,91,12,2.49,JP,1657396869
425,Tsimmerbude,54.675,20.1347,16.65,68,41,6.85,RU,1657396869
426,Cabedelo,-6.9811,-34.8339,25.24,81,15,5.84,BR,1657396870
427,Nhulunbuy,-12.2333,136.7667,21.34,73,100,3.6,AU,1657396870
428,Margate,51.3813,1.3862,18.5,77,23,0.89,GB,1657396870
429,Batagay-Alyta,67.8006,130.4114,10.39,76,100,1.4,RU,1657396870
430,Storsteinnes,69.2408,19.2344,13.36,79,75,1.76,NO,1657396870
431,Bambanglipuro,-7.95,110.2833,23.39,86,13,3.73,ID,1657396870
432,La Paz,-16.5,-68.15,16.99,25,75,5.14,BO,1657396324
433,Durban,-29.8579,31.0292,18.9,74,0,1.79,ZA,1657396833
434,Nuquí,5.7125,-77.2708,27.35,83,58,4.78,CO,1657396871
435,Valdivia,-39.8142,-73.2459,8.05,96,100,1.27,CL,1657396473
436,Siocon,7.7061,122.1353,25.39,89,100,3.7,PH,1657396871
437,Terrace,54.5163,-128.6035,13.87,95,100,0.75,CA,1657396871
438,Mazagão,-0.115,-51.2894,27.87,76,52,1.18,BR,1657396871
439,Santa Cruz de la Sierra,-17.8,-63.1667,31.03,48,75,9.77,BO,1657396624
440,Panglao,9.5781,123.7458,28.33,73,73,4.88,PH,1657396872
441,Constantine,36.365,6.6147,23.67,60,0,3.09,DZ,1657396596
442,Merauke,-8.4667,140.3333,25.02,86,56,5.1,ID,1657396872
443,Namatanai,-3.6667,152.4333,24.96,76,0,3.36,PG,1657396872
444,Okhotsk,59.3833,143.3,16.95,70,83,1.72,RU,1657396872
445,Caucaia,-3.7361,-38.6531,27.24,70,75,6.17,BR,1657396872
446,Tual,-5.6667,132.75,26.55,82,82,9.22,ID,1657396872
447,Booué,-0.0921,11.9385,24.67,77,91,1.31,GA,1657396872
448,Inhambane,-23.865,35.3833,19.58,73,0,3.81,MZ,1657396872
449,Camaná,-16.6228,-72.7111,17.65,79,89,3.74,PE,1657396873
450,Reconquista,-29.15,-59.65,28.66,43,1,7.24,AR,1657396873
451,Kyshtovka,56.555,76.6271,17.54,80,50,1.9,RU,1657396873
452,Dhārchula,29.85,80.5333,21.89,94,100,0.23,IN,1657396873
453,Virginia Beach,36.8529,-75.978,25.57,95,100,2.06,US,1657396873
454,Qaqortoq,60.7167,-46.0333,7.15,87,19,2.24,GL,1657396873
455,Cabra,37.4725,-4.4421,27.16,35,0,4.0,ES,1657396873
456,Zeya,53.75,127.2667,16.87,95,100,2.02,RU,1657396873
457,Saskylakh,71.9167,114.0833,10.08,73,100,3.57,RU,1657396874
458,Karaton,-6.3424,106.1045,22.52,86,49,0.62,ID,1657396874
459,Port Blair,11.6667,92.75,27.0,87,100,8.06,IN,1657396874
460,Mahajanga,-15.7167,46.3167,20.01,60,0,2.06,MG,1657396874
461,Guane,22.2025,-84.0875,31.55,55,25,2.38,CU,1657396875
462,Williamsburg,37.2707,-76.7075,25.41,94,100,5.66,US,1657396875
463,Acaraú,-2.8856,-40.12,27.33,71,100,6.74,BR,1657396875
464,Takoradze,4.8845,-1.7554,24.52,85,80,4.18,GH,1657396875
465,Quatre Cocos,-20.2078,57.7625,19.49,64,58,8.61,MU,1657396875
466,Maricá,-22.9194,-42.8186,23.05,83,3,3.02,BR,1657396876
467,Omsukchan,62.5333,155.8,13.19,70,63,1.68,RU,1657396876
468,Eirunepé,-6.6603,-69.8736,30.54,54,98,0.36,BR,1657396876
469,Balyqshy,47.0667,51.8667,24.0,38,0,3.0,KZ,1657396876
470,Inírida,3.8653,-67.9239,27.07,87,99,1.24,CO,1657396876
471,Lucapa,-8.4192,20.7447,20.42,31,7,0.78,AO,1657396876
472,Tiffin,41.1145,-83.178,25.25,68,12,7.25,US,1657396877
473,Coahuayana Viejo,18.7333,-103.6833,32.39,56,100,2.65,MX,1657396877
474,Bathsheba,13.2167,-59.5167,29.47,85,100,8.37,BB,1657396877
475,Sitka,57.0531,-135.33,14.73,87,98,0.9,US,1657396877
476,Farafangana,-22.8167,47.8333,20.0,72,76,4.15,MG,1657396878
477,Padang,-0.9492,100.3543,24.8,88,61,1.37,ID,1657396878
478,Yerbogachën,61.2767,108.0108,10.54,77,8,1.53,RU,1657396773
479,Ust-Nera,64.5667,143.2,14.19,65,70,1.62,RU,1657396878
480,Malkara,40.89,26.9011,18.17,80,100,3.1,TR,1657396878
481,Nkhotakota,-12.9274,34.2961,19.78,62,27,1.62,MW,1657396878
482,Porteirinha,-15.7433,-43.0283,27.22,32,10,4.36,BR,1657396878
483,Touros,-5.1989,-35.4608,25.61,79,10,6.19,BR,1657396878
484,Binzhou,37.3667,118.0167,25.02,84,100,2.14,CN,1657396878
485,Silopi,37.2497,42.4694,31.96,19,0,1.78,TR,1657396682
486,‘Ewa Beach,21.3156,-158.0072,27.27,80,100,1.54,US,1657396879
487,Vestmannaeyjar,63.4427,-20.2734,10.96,97,100,9.17,IS,1657396879
488,Veracruz,19.3333,-96.6667,29.73,55,85,2.3,MX,1657396879
489,Ambulu,-8.345,113.6058,21.97,91,81,1.41,ID,1657396879
490,Gazojak,41.1875,61.4036,26.03,21,0,4.34,TM,1657396879
491,Soyo,-6.1349,12.3689,21.29,88,97,3.98,AO,1657396879
492,Turukhansk,65.8167,87.9833,13.6,93,38,4.6,RU,1657396879
493,Winnemucca,40.973,-117.7357,30.71,10,0,7.2,US,1657396880
494,Bar,49.0772,27.6826,15.95,73,81,4.11,UA,1657396880
495,Tura,25.5198,90.2201,23.95,93,41,1.72,IN,1657396849
496,Tevriz,57.509,72.4042,17.53,76,100,1.81,RU,1657396880
497,Majene,-3.5403,118.9707,25.09,86,98,2.61,ID,1657396880
498,Kwinana,-32.25,115.7667,16.01,62,93,4.02,AU,1657396881
499,Strezhevoy,60.7333,77.5889,19.29,90,38,2.32,RU,1657396881
500,Araruama,-22.8728,-42.3431,22.61,77,58,4.33,BR,1657396881
501,Northam,51.0333,-4.2167,20.22,73,0,3.7,GB,1657396882
502,Miranda,3.2499,-76.2281,28.07,60,100,0.68,CO,1657396882
503,Washougal,45.5826,-122.3534,26.91,55,73,1.79,US,1657396882
504,Vargem Grande,-3.5431,-43.9158,29.96,57,63,0.99,BR,1657396882
505,Roebourne,-20.7833,117.1333,16.68,35,3,2.36,AU,1657396882
506,Nabire,-3.3667,135.4833,24.23,90,96,1.36,ID,1657396882
507,Parry Sound,45.3501,-80.033,22.06,43,18,3.83,CA,1657396882
508,Gorontalo,0.5412,123.0595,23.69,95,73,0.16,ID,1657396883
509,Opuwo,-18.0607,13.84,14.78,52,0,1.66,NA,1657396883
510,Hirara,24.8,125.2833,29.09,76,58,6.42,JP,1657396883
511,Göksun,38.021,36.4973,18.4,94,15,2.59,TR,1657396784
512,Vilyuysk,63.7553,121.6247,14.6,91,100,1.52,RU,1657396883
513,Kahului,20.8947,-156.47,29.43,86,63,5.81,US,1657396709
514,Hambantota,6.1241,81.1185,27.05,75,100,9.32,LK,1657396883
515,Huilong,31.8111,121.655,26.62,92,100,3.06,CN,1657396883
516,Cayenne,4.9333,-52.3333,28.38,1,100,2.06,GF,1657396883
517,Dongsheng,39.8161,109.9776,16.46,68,2,3.07,CN,1657396800
518,Murgab,37.4966,61.9714,26.7,19,0,4.07,TM,1657396884
519,Malmesbury,-33.4608,18.7271,12.1,95,0,2.07,ZA,1657396884
520,Mattru,7.6244,-11.8332,22.91,99,100,1.86,SL,1657396884
521,Itagi,-14.1628,-40.0061,19.59,98,100,2.46,BR,1657396884
522,Ionia,42.9873,-85.0711,28.05,38,0,4.63,US,1657396885
523,Tiarei,-17.5333,-149.3333,27.01,73,68,8.6,PF,1657396885
524,Macomer,40.262,8.7699,18.28,58,0,1.46,IT,1657396885
525,Bundaberg,-24.85,152.35,6.23,89,0,0.45,AU,1657396886
526,Erenhot,43.6475,111.9767,23.21,27,48,2.98,CN,1657396886
527,Brandfort,-28.7001,26.4597,10.33,52,1,3.26,ZA,1657396887
528,Pyu,18.4833,96.4333,23.78,97,100,2.06,MM,1657396887
529,Baykit,61.67,96.37,17.0,67,100,1.46,RU,1657396887
530,Arrondissement de Bastia,42.6667,9.3333,24.89,54,0,5.36,FR,1657396887
531,Hay River,60.8156,-115.7999,16.19,76,100,3.63,CA,1657396887
532,Bahía Blanca,-38.7196,-62.2724,13.66,56,5,1.57,AR,1657396887
533,Clocolan,-28.9137,27.5656,7.61,51,0,1.63,ZA,1657396888
534,Narsaq,60.9167,-46.05,12.12,82,24,2.85,GL,1657396888
535,Sarangani,5.4033,125.4636,27.74,79,94,7.54,PH,1657396888
536,Chardara,41.2547,67.9692,23.66,35,0,4.04,KZ,1657396888
537,Jiangyou,31.7667,104.7167,25.45,84,100,1.34,CN,1657396888
538,Garmsār,35.2182,52.3409,31.18,29,0,4.03,IR,1657396700
539,Forsytheganj,52.6333,29.7333,15.65,87,92,2.36,BY,1657396888
540,Kachīry,53.0675,76.1036,18.97,75,57,3.99,KZ,1657396888
541,Aykhal,66.0,111.5,11.24,77,16,3.01,RU,1657396888
542,Barra de Tecoanapa,16.5167,-98.75,30.46,72,32,5.17,MX,1657396889
543,Iberia,29.9502,-91.7507,35.61,55,55,2.0,US,1657396889
